Sample,Species
MI_KPC_1000,Klebsiella pneumoniae
MI_KPC_1001,Klebsiella grimontii
MI_KPC_1002,Enterobacter hormaechei
MI_KPC_1003,Citrobacter freundii
MI_KPC_1004,Klebsiella pneumoniae
MI_KPC_1005,Klebsiella pneumoniae
MI_KPC_1006,Klebsiella pneumoniae
MI_KPC_1007,Enterobacter hormaechei
MI_KPC_1008,Klebsiella pneumoniae
MI_KPC_1009,Klebsiella pneumoniae
MI_KPC_100,Enterobacter hormaechei
MI_KPC_1010,Klebsiella pneumoniae
MI_KPC_1011,Klebsiella pneumoniae
MI_KPC_1012,Enterobacter hormaechei
MI_KPC_1013,Enterobacter hormaechei
MI_KPC_1014,Enterobacter hormaechei
MI_KPC_1015,Enterobacter hormaechei
MI_KPC_1016,Enterobacter hormaechei
MI_KPC_1017,Citrobacter portucalensis
MI_KPC_1018,Citrobacter portucalensis
MI_KPC_1019,Raoultella ornithinolytica
MI_KPC_101,Escherichia coli
MI_KPC_1020,Escherichia coli
MI_KPC_1021,Enterobacter hormaechei
MI_KPC_1022,Enterobacter hormaechei
MI_KPC_1023,Escherichia coli
MI_KPC_1024,Enterobacter hormaechei
MI_KPC_1025,Enterobacter hormaechei
MI_KPC_1026,Escherichia coli
MI_KPC_1027,Klebsiella michiganensis
MI_KPC_1028,Enterobacter hormaechei
MI_KPC_1029,Escherichia coli
MI_KPC_102,Enterobacter hormaechei
MI_KPC_1030,Enterobacter hormaechei
MI_KPC_1031,Escherichia coli
MI_KPC_1032,Enterobacter hormaechei
MI_KPC_1033,Citrobacter freundii
MI_KPC_1034,Enterobacter hormaechei
MI_KPC_1035,Escherichia coli
MI_KPC_1036,Citrobacter freundii
MI_KPC_1037,Serratia ureilytica
MI_KPC_1038,Serratia marcescens
MI_KPC_1039,Serratia nevei
MI_KPC_103,Enterobacter hormaechei
MI_KPC_1040,Klebsiella variicola
MI_KPC_1041,Klebsiella michiganensis
MI_KPC_1042,Klebsiella pneumoniae
MI_KPC_1043,Klebsiella oxytoca
MI_KPC_1044,Klebsiella grimontii
MI_KPC_1045,Citrobacter werkmanii
MI_KPC_1046,Enterobacter hormaechei
MI_KPC_1047,Klebsiella aerogenes
MI_KPC_1048,Enterobacter hormaechei
MI_KPC_1049,Klebsiella michiganensis
MI_KPC_104,Escherichia coli
MI_KPC_1050,Enterobacter hormaechei
MI_KPC_1051,Enterobacter hormaechei
MI_KPC_1052,Enterobacter hormaechei
MI_KPC_1053,Enterobacter kobei
MI_KPC_1054,Enterobacter hormaechei
MI_KPC_1055,Klebsiella michiganensis
MI_KPC_1056,Klebsiella pneumoniae
MI_KPC_1057,Enterobacter hormaechei
MI_KPC_1058,Klebsiella pneumoniae
MI_KPC_1059,Klebsiella pneumoniae
MI_KPC_105,Pseudomonas aeruginosa
MI_KPC_1060,Citrobacter freundii
MI_KPC_1061,Enterobacter hormaechei
MI_KPC_1062,Klebsiella pneumoniae
MI_KPC_1063,Citrobacter freundii
MI_KPC_1064,Klebsiella pneumoniae
MI_KPC_1065,Klebsiella pneumoniae
MI_KPC_1066,Escherichia coli
MI_KPC_1067,Zobellia laminariae
MI_KPC_1068,Klebsiella pneumoniae
MI_KPC_1069,Klebsiella pneumoniae
MI_KPC_106,Citrobacter freundii
MI_KPC_1070,Klebsiella pneumoniae
MI_KPC_1071,Crocosphaera chwakensis
MI_KPC_1072,Klebsiella pneumoniae
MI_KPC_1073,Citrobacter freundii
MI_KPC_1074,Klebsiella grimontii
MI_KPC_1075,Klebsiella pneumoniae
MI_KPC_1076,Klebsiella michiganensis
MI_KPC_1077,Klebsiella pneumoniae
MI_KPC_1078,Janthinobacterium sp
MI_KPC_1079,Citrobacter freundii
MI_KPC_107,Klebsiella pneumoniae
MI_KPC_1080,Klebsiella pneumoniae
MI_KPC_1081,Klebsiella michiganensis
MI_KPC_1082,Escherichia coli
MI_KPC_1083,Thiohalocapsa halophila
MI_KPC_1084,Enterobacter hormaechei
MI_KPC_1085,Citrobacter europaeus
MI_KPC_1086,Klebsiella pneumoniae
MI_KPC_1087,Klebsiella michiganensis
MI_KPC_1088,Citrobacter freundii
MI_KPC_1089,Enterobacter hormaechei
MI_KPC_108,Klebsiella michiganensis
MI_KPC_1090,Klebsiella pneumoniae
MI_KPC_1091,Klebsiella michiganensis
MI_KPC_1092,Klebsiella pneumoniae
MI_KPC_1093,Klebsiella pneumoniae
MI_KPC_1094,Enterobacter hormaechei
MI_KPC_1095,Enterobacter hormaechei
MI_KPC_1096,Klebsiella pneumoniae
MI_KPC_1097,Klebsiella pneumoniae
MI_KPC_1098,Klebsiella pneumoniae
MI_KPC_1099,Citrobacter freundii
MI_KPC_109,Enterobacter hormaechei
MI_KPC_10,Enterobacter hormaechei
MI_KPC_1100,Aphanothece hegewaldii
MI_KPC_1101,Klebsiella pneumoniae
MI_KPC_1102,Klebsiella pneumoniae
MI_KPC_1103,Arthrobacter sp
MI_KPC_1104,Klebsiella pneumoniae
MI_KPC_1105,Enterobacter hormaechei
MI_KPC_1106,Citrobacter freundii
MI_KPC_1107,Klebsiella pneumoniae
MI_KPC_1108,Bifidobacterium tibiigranuli
MI_KPC_1109,Klebsiella pneumoniae
MI_KPC_110,Escherichia coli
MI_KPC_1110,Clostridiales bacterium
MI_KPC_1111,Enterobacter hormaechei
MI_KPC_1112,Enterobacter hormaechei
MI_KPC_1113,Citrobacter freundii
MI_KPC_1114,Klebsiella pneumoniae
MI_KPC_1115,Escherichia coli
MI_KPC_111,Klebsiella michiganensis
MI_KPC_112,Citrobacter freundii
MI_KPC_113,Enterobacter hormaechei
MI_KPC_114,Citrobacter freundii
MI_KPC_115,Enterobacter roggenkampii
MI_KPC_116,Enterobacter hormaechei
MI_KPC_117,Enterobacter hormaechei
MI_KPC_118,Klebsiella pneumoniae
MI_KPC_119,Enterobacter hormaechei
MI_KPC_11,Citrobacter freundii
MI_KPC_120,Citrobacter freundii
MI_KPC_121,Klebsiella michiganensis
MI_KPC_122,Enterobacter hormaechei
MI_KPC_123,Escherichia coli
MI_KPC_124,Enterobacter hormaechei
MI_KPC_125,Serratia marcescens
MI_KPC_126,Citrobacter freundii
MI_KPC_127,Citrobacter freundii
MI_KPC_128,Enterobacter hormaechei
MI_KPC_129,Enterobacter hormaechei
MI_KPC_12,Klebsiella pneumoniae
MI_KPC_130,Serratia nevei
MI_KPC_131,Escherichia coli
MI_KPC_132,Citrobacter freundii
MI_KPC_133,Serratia marcescens
MI_KPC_134,Enterobacter hormaechei
MI_KPC_135,Enterobacter hormaechei
MI_KPC_136,Citrobacter europaeus
MI_KPC_137,Citrobacter freundii
MI_KPC_138,Klebsiella pneumoniae
MI_KPC_139,Enterobacter hormaechei
MI_KPC_13,Enterobacter hormaechei
MI_KPC_140,Citrobacter freundii
MI_KPC_141,Enterobacter hormaechei
MI_KPC_142,Citrobacter werkmanii
MI_KPC_143,Klebsiella pneumoniae
MI_KPC_144,Serratia marcescens
MI_KPC_145,Klebsiella pneumoniae
MI_KPC_146,Enterobacter hormaechei
MI_KPC_147,Citrobacter freundii
MI_KPC_148,Enterobacter hormaechei
MI_KPC_149,Klebsiella pneumoniae
MI_KPC_14,Klebsiella pneumoniae
MI_KPC_150,Klebsiella pneumoniae
MI_KPC_151,Klebsiella pneumoniae
MI_KPC_152,Enterobacter roggenkampii
MI_KPC_153,Klebsiella aerogenes
MI_KPC_154,Klebsiella pneumoniae
MI_KPC_155,Klebsiella pneumoniae
MI_KPC_156,Klebsiella pneumoniae
MI_KPC_157,Citrobacter freundii
MI_KPC_158,Klebsiella pneumoniae
MI_KPC_159,Escherichia coli
MI_KPC_15,Enterobacter hormaechei
MI_KPC_160,Klebsiella pneumoniae
MI_KPC_161,Citrobacter freundii
MI_KPC_162,Klebsiella pneumoniae
MI_KPC_163,Klebsiella pneumoniae
MI_KPC_164,Citrobacter freundii
MI_KPC_165,Klebsiella pneumoniae
MI_KPC_166,Klebsiella pneumoniae
MI_KPC_167,Klebsiella pneumoniae
MI_KPC_168,Enterobacter hormaechei
MI_KPC_169,Citrobacter portucalensis
MI_KPC_16,Klebsiella grimontii
MI_KPC_170,Klebsiella pneumoniae
MI_KPC_171,Klebsiella pneumoniae
MI_KPC_172,Klebsiella pneumoniae
MI_KPC_173,Klebsiella pneumoniae
MI_KPC_174,Klebsiella pneumoniae
MI_KPC_175,Klebsiella pneumoniae
MI_KPC_176,Enterobacter hormaechei
MI_KPC_177,Klebsiella pneumoniae
MI_KPC_178,Klebsiella pneumoniae
MI_KPC_179,Escherichia coli
MI_KPC_17,Enterobacter hormaechei
MI_KPC_180,Citrobacter freundii
MI_KPC_181,Klebsiella pneumoniae
MI_KPC_182,Klebsiella pneumoniae
MI_KPC_183,Citrobacter freundii
MI_KPC_184,Klebsiella pneumoniae
MI_KPC_185,Klebsiella pneumoniae
MI_KPC_186,Klebsiella pneumoniae
MI_KPC_187,Klebsiella pneumoniae
MI_KPC_188,Klebsiella pneumoniae
MI_KPC_189,Escherichia coli
MI_KPC_18,Klebsiella pneumoniae
MI_KPC_190,Klebsiella pneumoniae
MI_KPC_191,Enterobacter hormaechei
MI_KPC_192,Enterobacter hormaechei
MI_KPC_193,Klebsiella pneumoniae
MI_KPC_194,Klebsiella pneumoniae
MI_KPC_195,Klebsiella aerogenes
MI_KPC_196,Citrobacter freundii
MI_KPC_197,Enterobacter kobei
MI_KPC_198,Escherichia coli
MI_KPC_199,Enterobacter hormaechei
MI_KPC_19,Enterobacter hormaechei
MI_KPC_1,Enterobacter hormaechei
MI_KPC_200,Klebsiella pneumoniae
MI_KPC_201,Enterobacter hormaechei
MI_KPC_202,Enterobacter roggenkampii
MI_KPC_203,Klebsiella pneumoniae
MI_KPC_204,Raoultella ornithinolytica
MI_KPC_205,Klebsiella pneumoniae
MI_KPC_206,Escherichia coli
MI_KPC_207,Klebsiella pneumoniae
MI_KPC_208,Klebsiella pneumoniae
MI_KPC_209,Klebsiella pneumoniae
MI_KPC_20,Escherichia coli
MI_KPC_210,Klebsiella pneumoniae
MI_KPC_211,Klebsiella pneumoniae
MI_KPC_212,Escherichia coli
MI_KPC_213,Klebsiella pneumoniae
MI_KPC_214,Klebsiella pneumoniae
MI_KPC_215,Citrobacter portucalensis
MI_KPC_216,Klebsiella pneumoniae
MI_KPC_217,Klebsiella pneumoniae
MI_KPC_218,Escherichia coli
MI_KPC_219,Klebsiella pneumoniae
MI_KPC_21,Pseudomonas aeruginosa
MI_KPC_220,Klebsiella pneumoniae
MI_KPC_221,Klebsiella pneumoniae
MI_KPC_222,Klebsiella pneumoniae
MI_KPC_223,Enterobacter hormaechei
MI_KPC_224,Citrobacter freundii
MI_KPC_225,Klebsiella pneumoniae
MI_KPC_226,Klebsiella pneumoniae
MI_KPC_227,Klebsiella pneumoniae
MI_KPC_228,Klebsiella pneumoniae
MI_KPC_229,Klebsiella pneumoniae
MI_KPC_22,Escherichia coli
MI_KPC_230,Klebsiella pneumoniae
MI_KPC_231,Escherichia coli
MI_KPC_232,Klebsiella pneumoniae
MI_KPC_233,Enterobacter hormaechei
MI_KPC_234,Klebsiella pneumoniae
MI_KPC_235,Enterobacter roggenkampii
MI_KPC_236,Enterobacter hormaechei
MI_KPC_237,Klebsiella pneumoniae
MI_KPC_238,Klebsiella pneumoniae
MI_KPC_239,Escherichia coli
MI_KPC_23,Klebsiella michiganensis
MI_KPC_240,Klebsiella pneumoniae
MI_KPC_241,Klebsiella pneumoniae
MI_KPC_242,Klebsiella pneumoniae
MI_KPC_243,Klebsiella pneumoniae
MI_KPC_244,Klebsiella pneumoniae
MI_KPC_245,Klebsiella pneumoniae
MI_KPC_246,Klebsiella pneumoniae
MI_KPC_247,Escherichia coli
MI_KPC_248,Klebsiella michiganensis
MI_KPC_249,Enterobacter hormaechei
MI_KPC_24,Enterobacter hormaechei
MI_KPC_250,Enterobacter hormaechei
MI_KPC_251,Serratia nevei
MI_KPC_252,Enterobacter roggenkampii
MI_KPC_253,Klebsiella pneumoniae
MI_KPC_254,Klebsiella pneumoniae
MI_KPC_255,Enterobacter hormaechei
MI_KPC_256,Escherichia coli
MI_KPC_257,Enterobacter hormaechei
MI_KPC_258,Klebsiella pneumoniae
MI_KPC_259,Klebsiella pneumoniae
MI_KPC_25,Klebsiella pneumoniae
MI_KPC_260,Klebsiella pneumoniae
MI_KPC_261,Klebsiella pneumoniae
MI_KPC_262,Klebsiella pneumoniae
MI_KPC_263,Klebsiella pneumoniae
MI_KPC_264,Klebsiella pneumoniae
MI_KPC_265,Klebsiella aerogenes
MI_KPC_266,Klebsiella pneumoniae
MI_KPC_267,Escherichia coli
MI_KPC_268,Klebsiella pneumoniae
MI_KPC_269,Klebsiella pneumoniae
MI_KPC_26,Escherichia coli
MI_KPC_270,Klebsiella pneumoniae
MI_KPC_271,Klebsiella pneumoniae
MI_KPC_272,Klebsiella pneumoniae
MI_KPC_273,Klebsiella pneumoniae
MI_KPC_274,Enterobacter hormaechei
MI_KPC_275,Klebsiella pneumoniae
MI_KPC_276,Klebsiella pneumoniae
MI_KPC_277,Escherichia coli
MI_KPC_278,Citrobacter telavivensis
MI_KPC_279,Klebsiella pneumoniae
MI_KPC_27,Enterobacter hormaechei
MI_KPC_280,Escherichia coli
MI_KPC_281,Escherichia coli
MI_KPC_282,Klebsiella pneumoniae
MI_KPC_283,Klebsiella pneumoniae
MI_KPC_284,Klebsiella pneumoniae
MI_KPC_285,Klebsiella pneumoniae
MI_KPC_286,Enterobacter hormaechei
MI_KPC_287,Serratia marcescens
MI_KPC_288,Klebsiella pneumoniae
MI_KPC_289,Enterobacter hormaechei
MI_KPC_28,Enterobacter hormaechei
MI_KPC_290,Klebsiella pneumoniae
MI_KPC_291,Citrobacter freundii
MI_KPC_292,Serratia marcescens
MI_KPC_293,Klebsiella pneumoniae
MI_KPC_294,Escherichia coli
MI_KPC_295,Klebsiella pneumoniae
MI_KPC_296,Klebsiella pneumoniae
MI_KPC_297,Escherichia coli
MI_KPC_298,Enterobacter hormaechei
MI_KPC_299,Escherichia coli
MI_KPC_29,Enterobacter hormaechei
MI_KPC_2,Enterobacter hormaechei
MI_KPC_300,Enterobacter hormaechei
MI_KPC_301,Klebsiella pneumoniae
MI_KPC_302,Klebsiella pneumoniae
MI_KPC_303,Citrobacter freundii
MI_KPC_304,Enterobacter hormaechei
MI_KPC_305,Klebsiella pneumoniae
MI_KPC_306,Serratia marcescens
MI_KPC_307,Klebsiella pneumoniae
MI_KPC_308,Klebsiella pneumoniae
MI_KPC_309,Enterobacter hormaechei
MI_KPC_30,Enterobacter hormaechei
MI_KPC_310,Klebsiella pneumoniae
MI_KPC_311,Klebsiella pneumoniae
MI_KPC_312,Enterobacter hormaechei
MI_KPC_313,Klebsiella pneumoniae
MI_KPC_314,Citrobacter koseri
MI_KPC_315,Klebsiella pneumoniae
MI_KPC_316,Escherichia coli
MI_KPC_317,Klebsiella pneumoniae
MI_KPC_318,Klebsiella pneumoniae
MI_KPC_319,Enterobacter hormaechei
MI_KPC_31,Klebsiella michiganensis
MI_KPC_320,Klebsiella pneumoniae
MI_KPC_321,Klebsiella michiganensis
MI_KPC_322,Klebsiella pneumoniae
MI_KPC_323,Klebsiella pneumoniae
MI_KPC_324,Enterobacter roggenkampii
MI_KPC_325,Klebsiella pneumoniae
MI_KPC_326,Klebsiella pneumoniae
MI_KPC_327,Klebsiella pneumoniae
MI_KPC_328,Klebsiella pneumoniae
MI_KPC_329,Enterobacter hormaechei
MI_KPC_32,Enterobacter hormaechei
MI_KPC_330,Citrobacter freundii
MI_KPC_331,Klebsiella pneumoniae
MI_KPC_332,Enterobacter cloacae
MI_KPC_333,Klebsiella pneumoniae
MI_KPC_334,Enterobacter hormaechei
MI_KPC_335,Escherichia coli
MI_KPC_336,Enterobacter hormaechei
MI_KPC_337,Enterobacter hormaechei
MI_KPC_338,Citrobacter freundii
MI_KPC_339,Enterobacter hormaechei
MI_KPC_33,Klebsiella michiganensis
MI_KPC_340,Klebsiella pneumoniae
MI_KPC_341,Klebsiella pneumoniae
MI_KPC_342,Klebsiella pneumoniae
MI_KPC_343,Escherichia coli
MI_KPC_344,Klebsiella pneumoniae
MI_KPC_345,Citrobacter portucalensis
MI_KPC_346,Klebsiella pneumoniae
MI_KPC_347,Enterobacter hormaechei
MI_KPC_348,Klebsiella pneumoniae
MI_KPC_349,Enterobacter hormaechei
MI_KPC_34,Klebsiella michiganensis
MI_KPC_350,Klebsiella pneumoniae
MI_KPC_351,Klebsiella pneumoniae
MI_KPC_352,Enterobacter kobei
MI_KPC_353,Klebsiella pneumoniae
MI_KPC_354,Citrobacter europaeus
MI_KPC_355,Escherichia coli
MI_KPC_356,Klebsiella pneumoniae
MI_KPC_357,Klebsiella pneumoniae
MI_KPC_358,Klebsiella pneumoniae
MI_KPC_359,Klebsiella quasipneumoniae
MI_KPC_35,Enterobacter hormaechei
MI_KPC_360,Escherichia coli
MI_KPC_361,Klebsiella pneumoniae
MI_KPC_362,Klebsiella pneumoniae
MI_KPC_363,Klebsiella pneumoniae
MI_KPC_364,Escherichia coli
MI_KPC_365,Citrobacter freundii
MI_KPC_366,Klebsiella pneumoniae
MI_KPC_367,Klebsiella pneumoniae
MI_KPC_368,Enterobacter hormaechei
MI_KPC_369,Citrobacter freundii
MI_KPC_36,Enterobacter hormaechei
MI_KPC_370,Klebsiella pneumoniae
MI_KPC_371,Klebsiella pneumoniae
MI_KPC_372,Klebsiella pneumoniae
MI_KPC_373,Enterobacter hormaechei
MI_KPC_374,Enterobacter hormaechei
MI_KPC_375,Enterobacter hormaechei
MI_KPC_376,Klebsiella variicola
MI_KPC_377,Klebsiella pneumoniae
MI_KPC_378,Klebsiella pneumoniae
MI_KPC_379,Klebsiella pneumoniae
MI_KPC_37,Enterobacter hormaechei
MI_KPC_380,Escherichia coli
MI_KPC_381,Klebsiella pneumoniae
MI_KPC_382,Enterobacter hormaechei
MI_KPC_383,Enterobacter hormaechei
MI_KPC_384,Klebsiella aerogenes
MI_KPC_385,Raoultella ornithinolytica
MI_KPC_386,Enterobacter hormaechei
MI_KPC_387,Klebsiella pneumoniae
MI_KPC_388,Enterobacter hormaechei
MI_KPC_389,Enterobacter hormaechei
MI_KPC_38,Enterobacter hormaechei
MI_KPC_390,Enterobacter hormaechei
MI_KPC_391,Klebsiella pneumoniae
MI_KPC_392,Klebsiella pneumoniae
MI_KPC_393,Klebsiella pneumoniae
MI_KPC_394,Escherichia coli
MI_KPC_395,Citrobacter freundii
MI_KPC_396,Serratia bockelmannii
MI_KPC_397,Klebsiella pneumoniae
MI_KPC_398,Escherichia coli
MI_KPC_399,Raoultella ornithinolytica
MI_KPC_39,Klebsiella michiganensis
MI_KPC_3,Klebsiella pneumoniae
MI_KPC_400,Enterobacter hormaechei
MI_KPC_401,Escherichia coli
MI_KPC_402,Klebsiella pneumoniae
MI_KPC_403,Klebsiella pneumoniae
MI_KPC_404,Citrobacter freundii
MI_KPC_405,Klebsiella pneumoniae
MI_KPC_406,Klebsiella pneumoniae
MI_KPC_407,Klebsiella pneumoniae
MI_KPC_408,Klebsiella pneumoniae
MI_KPC_409,Klebsiella pneumoniae
MI_KPC_40,Citrobacter freundii
MI_KPC_410,Citrobacter freundii
MI_KPC_411,Escherichia coli
MI_KPC_412,Klebsiella aerogenes
MI_KPC_413,Klebsiella pneumoniae
MI_KPC_414,Klebsiella pneumoniae
MI_KPC_415,Enterobacter roggenkampii
MI_KPC_416,Klebsiella pneumoniae
MI_KPC_417,Klebsiella pneumoniae
MI_KPC_418,Klebsiella pneumoniae
MI_KPC_419,Klebsiella aerogenes
MI_KPC_41,Escherichia coli
MI_KPC_420,Escherichia coli
MI_KPC_421,Klebsiella pneumoniae
MI_KPC_422,Klebsiella pneumoniae
MI_KPC_423,Klebsiella pneumoniae
MI_KPC_424,Klebsiella pneumoniae
MI_KPC_425,Klebsiella pneumoniae
MI_KPC_426,Enterobacter roggenkampii
MI_KPC_427,Klebsiella pneumoniae
MI_KPC_428,Klebsiella pneumoniae
MI_KPC_429,Enterobacter hormaechei
MI_KPC_42,Escherichia coli
MI_KPC_430,Klebsiella grimontii
MI_KPC_431,Klebsiella michiganensis
MI_KPC_432,Klebsiella pneumoniae
MI_KPC_433,Klebsiella pneumoniae
MI_KPC_434,Escherichia coli
MI_KPC_435,Klebsiella pneumoniae
MI_KPC_436,Klebsiella pneumoniae
MI_KPC_437,Enterobacter hormaechei
MI_KPC_438,Raoultella ornithinolytica
MI_KPC_439,Enterobacter hormaechei
MI_KPC_43,Citrobacter freundii
MI_KPC_440,Enterobacter hormaechei
MI_KPC_441,Enterobacter hormaechei
MI_KPC_442,Klebsiella pneumoniae
MI_KPC_443,Enterobacter hormaechei
MI_KPC_444,Klebsiella pneumoniae
MI_KPC_445,Escherichia coli
MI_KPC_446,Klebsiella variicola
MI_KPC_447,Klebsiella michiganensis
MI_KPC_448,Klebsiella pneumoniae
MI_KPC_449,Escherichia coli
MI_KPC_44,Citrobacter freundii
MI_KPC_450,Klebsiella pneumoniae
MI_KPC_451,Klebsiella grimontii
MI_KPC_452,Enterobacter hormaechei
MI_KPC_453,Escherichia coli
MI_KPC_454,Enterobacter hormaechei
MI_KPC_455,Klebsiella pneumoniae
MI_KPC_456,Klebsiella pneumoniae
MI_KPC_458,Klebsiella michiganensis
MI_KPC_459,Klebsiella pneumoniae
MI_KPC_45,Klebsiella pneumoniae
MI_KPC_460,Klebsiella pneumoniae
MI_KPC_461,Enterobacter hormaechei
MI_KPC_462,Enterobacter kobei
MI_KPC_463,Klebsiella grimontii
MI_KPC_464,Klebsiella pneumoniae
MI_KPC_465,Klebsiella pneumoniae
MI_KPC_466,Klebsiella pneumoniae
MI_KPC_467,Enterobacter hormaechei
MI_KPC_468,Klebsiella pneumoniae
MI_KPC_469,Enterobacter hormaechei
MI_KPC_46,Citrobacter freundii
MI_KPC_470,Escherichia coli
MI_KPC_471,Klebsiella pneumoniae
MI_KPC_472,Klebsiella pneumoniae
MI_KPC_473,Enterobacter hormaechei
MI_KPC_474,Escherichia coli
MI_KPC_475,Klebsiella pneumoniae
MI_KPC_476,Klebsiella pneumoniae
MI_KPC_477,Enterobacter hormaechei
MI_KPC_478,Klebsiella pneumoniae
MI_KPC_479,Klebsiella pneumoniae
MI_KPC_47,Citrobacter freundii
MI_KPC_480,Klebsiella pneumoniae
MI_KPC_481,Klebsiella pneumoniae
MI_KPC_482,Klebsiella pneumoniae
MI_KPC_483,Citrobacter freundii
MI_KPC_484,Enterobacter hormaechei
MI_KPC_485,
MI_KPC_486,Klebsiella pneumoniae
MI_KPC_487,Klebsiella pneumoniae
MI_KPC_488,Klebsiella pneumoniae
MI_KPC_489,Klebsiella pneumoniae
MI_KPC_48,Escherichia coli
MI_KPC_490,Klebsiella pneumoniae
MI_KPC_491,Enterobacter hormaechei
MI_KPC_492,Klebsiella pneumoniae
MI_KPC_493,Raoultella ornithinolytica
MI_KPC_494,Enterobacter cloacae
MI_KPC_495,Escherichia coli
MI_KPC_496,Klebsiella pneumoniae
MI_KPC_497,Klebsiella pneumoniae
MI_KPC_498,Klebsiella pneumoniae
MI_KPC_499,Enterobacter roggenkampii
MI_KPC_49,Klebsiella michiganensis
MI_KPC_4,Klebsiella pneumoniae
MI_KPC_500,Enterobacter hormaechei
MI_KPC_501,Raoultella ornithinolytica
MI_KPC_502,Escherichia coli
MI_KPC_503,Enterobacter hormaechei
MI_KPC_504,Klebsiella pneumoniae
MI_KPC_505,Klebsiella pneumoniae
MI_KPC_506,Enterobacter hormaechei
MI_KPC_507,Klebsiella pneumoniae
MI_KPC_508,Klebsiella michiganensis
MI_KPC_509,Klebsiella pneumoniae
MI_KPC_50,Enterobacter kobei
MI_KPC_510,Escherichia coli
MI_KPC_511,Enterobacter hormaechei
MI_KPC_512,Citrobacter freundii
MI_KPC_513,Klebsiella pneumoniae
MI_KPC_514,Klebsiella pneumoniae
MI_KPC_515,Klebsiella pneumoniae
MI_KPC_516,Klebsiella pneumoniae
MI_KPC_517,Klebsiella pneumoniae
MI_KPC_518,Escherichia coli
MI_KPC_519,Klebsiella pneumoniae
MI_KPC_51,Enterobacter hormaechei
MI_KPC_520,Klebsiella pneumoniae
MI_KPC_521,Klebsiella pneumoniae
MI_KPC_522,Klebsiella pneumoniae
MI_KPC_523,Klebsiella aerogenes
MI_KPC_524,Klebsiella pneumoniae
MI_KPC_525,Klebsiella pneumoniae
MI_KPC_526,Klebsiella pneumoniae
MI_KPC_527,Enterobacter hormaechei
MI_KPC_528,Klebsiella pneumoniae
MI_KPC_529,Klebsiella pneumoniae
MI_KPC_52,Enterobacter asburiae
MI_KPC_530,Citrobacter freundii
MI_KPC_531,Klebsiella pneumoniae
MI_KPC_532,Escherichia coli
MI_KPC_533,Klebsiella pneumoniae
MI_KPC_534,Klebsiella pneumoniae
MI_KPC_535,Citrobacter portucalensis
MI_KPC_536,Klebsiella pneumoniae
MI_KPC_537,Escherichia coli
MI_KPC_538,Klebsiella pneumoniae
MI_KPC_539,Enterobacter hormaechei
MI_KPC_53,Enterobacter hormaechei
MI_KPC_540,Klebsiella pneumoniae
MI_KPC_541,Klebsiella pneumoniae
MI_KPC_542,Klebsiella pneumoniae
MI_KPC_543,Enterobacter hormaechei
MI_KPC_544,Klebsiella pneumoniae
MI_KPC_545,Klebsiella pneumoniae
MI_KPC_546,Klebsiella pneumoniae
MI_KPC_547,Klebsiella pneumoniae
MI_KPC_548,Enterobacter hormaechei
MI_KPC_549,Enterobacter hormaechei
MI_KPC_54,Citrobacter freundii
MI_KPC_550,Escherichia coli
MI_KPC_551,Klebsiella michiganensis
MI_KPC_552,Klebsiella pneumoniae
MI_KPC_553,Enterobacter hormaechei
MI_KPC_554,Klebsiella pneumoniae
MI_KPC_555,Klebsiella pneumoniae
MI_KPC_556,Enterobacter hormaechei
MI_KPC_557,Klebsiella michiganensis
MI_KPC_558,Enterobacter hormaechei
MI_KPC_559,Enterobacter hormaechei
MI_KPC_55,Klebsiella michiganensis
MI_KPC_560,Enterobacter hormaechei
MI_KPC_561,Klebsiella michiganensis
MI_KPC_562,Raoultella ornithinolytica
MI_KPC_563,Klebsiella pneumoniae
MI_KPC_564,Klebsiella pneumoniae
MI_KPC_565,Klebsiella pneumoniae
MI_KPC_566,Enterobacter oligotrophicus
MI_KPC_567,Klebsiella pneumoniae
MI_KPC_568,Klebsiella pneumoniae
MI_KPC_569,Raoultella ornithinolytica
MI_KPC_56,Escherichia coli
MI_KPC_570,Klebsiella pneumoniae
MI_KPC_571,Enterobacter hormaechei
MI_KPC_572,Enterobacter kobei
MI_KPC_573,Klebsiella pneumoniae
MI_KPC_574,Klebsiella pneumoniae
MI_KPC_575,Klebsiella pneumoniae
MI_KPC_576,Escherichia coli
MI_KPC_577,Escherichia coli
MI_KPC_578,Klebsiella pneumoniae
MI_KPC_579,Klebsiella pneumoniae
MI_KPC_57,Citrobacter freundii
MI_KPC_580,Klebsiella pneumoniae
MI_KPC_581,Enterobacter hormaechei
MI_KPC_582,Enterobacter hormaechei
MI_KPC_583,Enterobacter kobei
MI_KPC_584,Klebsiella pneumoniae
MI_KPC_585,Klebsiella michiganensis
MI_KPC_586,Escherichia coli
MI_KPC_587,Klebsiella pneumoniae
MI_KPC_588,Klebsiella pneumoniae
MI_KPC_589,Klebsiella pneumoniae
MI_KPC_58,Citrobacter freundii
MI_KPC_590,Klebsiella pneumoniae
MI_KPC_591,Klebsiella pneumoniae
MI_KPC_592,Klebsiella michiganensis
MI_KPC_593,Klebsiella pneumoniae
MI_KPC_594,Klebsiella pneumoniae
MI_KPC_595,Klebsiella pneumoniae
MI_KPC_596,Enterococcus faecalis
MI_KPC_597,Klebsiella pneumoniae
MI_KPC_598,Enterobacter hormaechei
MI_KPC_599,Klebsiella pneumoniae
MI_KPC_59,Enterobacter roggenkampii
MI_KPC_5,Klebsiella pneumoniae
MI_KPC_600,Klebsiella pneumoniae
MI_KPC_601,Klebsiella michiganensis
MI_KPC_602,Klebsiella pneumoniae
MI_KPC_603,Klebsiella pneumoniae
MI_KPC_604,Klebsiella pneumoniae
MI_KPC_605,Klebsiella pneumoniae
MI_KPC_606,Enterobacter kobei
MI_KPC_607,Klebsiella pneumoniae
MI_KPC_608,Klebsiella pneumoniae
MI_KPC_609,Klebsiella pneumoniae
MI_KPC_60,Klebsiella michiganensis
MI_KPC_610,Klebsiella pneumoniae
MI_KPC_611,Enterobacter kobei
MI_KPC_612,Klebsiella pneumoniae
MI_KPC_613,Klebsiella pneumoniae
MI_KPC_614,Escherichia coli
MI_KPC_615,Klebsiella pneumoniae
MI_KPC_616,Citrobacter freundii
MI_KPC_617,Enterobacter hormaechei
MI_KPC_618,Klebsiella pneumoniae
MI_KPC_619,Enterobacter hormaechei
MI_KPC_61,Klebsiella michiganensis
MI_KPC_620,Escherichia coli
MI_KPC_621,Escherichia coli
MI_KPC_622,Klebsiella pneumoniae
MI_KPC_623,Klebsiella pneumoniae
MI_KPC_624,Enterobacter hormaechei
MI_KPC_625,Klebsiella michiganensis
MI_KPC_626,Enterobacter hormaechei
MI_KPC_627,Citrobacter amalonaticus
MI_KPC_628,Klebsiella pneumoniae
MI_KPC_629,Enterobacter hormaechei
MI_KPC_62,Citrobacter freundii
MI_KPC_630,Escherichia coli
MI_KPC_631,Citrobacter freundii
MI_KPC_632,Enterobacter cloacae
MI_KPC_633,Klebsiella pneumoniae
MI_KPC_634,Klebsiella aerogenes
MI_KPC_635,Klebsiella pneumoniae
MI_KPC_636,Klebsiella pneumoniae
MI_KPC_637,Klebsiella pneumoniae
MI_KPC_638,Klebsiella pneumoniae
MI_KPC_639,Enterobacter hormaechei
MI_KPC_63,Pseudomonas aeruginosa
MI_KPC_640,Klebsiella pneumoniae
MI_KPC_641,Klebsiella pneumoniae
MI_KPC_642,Klebsiella pneumoniae
MI_KPC_643,Klebsiella pneumoniae
MI_KPC_644,Klebsiella pneumoniae
MI_KPC_645,Klebsiella pneumoniae
MI_KPC_646,Klebsiella pneumoniae
MI_KPC_647,Klebsiella michiganensis
MI_KPC_648,Enterobacter hormaechei
MI_KPC_649,Raoultella ornithinolytica
MI_KPC_64,Citrobacter freundii
MI_KPC_650,Enterobacter hormaechei
MI_KPC_651,Klebsiella pneumoniae
MI_KPC_652,Enterobacter hormaechei
MI_KPC_653,Citrobacter freundii
MI_KPC_654,Citrobacter koseri
MI_KPC_655,Enterobacter hormaechei
MI_KPC_656,Klebsiella michiganensis
MI_KPC_657,Klebsiella michiganensis
MI_KPC_658,Enterobacter hormaechei
MI_KPC_659,Klebsiella pneumoniae
MI_KPC_65,Klebsiella oxytoca
MI_KPC_660,Klebsiella pneumoniae
MI_KPC_661,Enterobacter kobei
MI_KPC_662,Klebsiella pneumoniae
MI_KPC_663,Klebsiella pneumoniae
MI_KPC_664,
MI_KPC_665,Citrobacter freundii
MI_KPC_666,Klebsiella variicola
MI_KPC_667,Klebsiella pneumoniae
MI_KPC_668,Klebsiella pneumoniae
MI_KPC_669,Klebsiella pneumoniae
MI_KPC_66,Klebsiella pneumoniae
MI_KPC_670,Klebsiella pneumoniae
MI_KPC_671,Klebsiella pneumoniae
MI_KPC_672,Klebsiella aerogenes
MI_KPC_673,Klebsiella pneumoniae
MI_KPC_674,Klebsiella pneumoniae
MI_KPC_675,Klebsiella pneumoniae
MI_KPC_676,Klebsiella pneumoniae
MI_KPC_677,Klebsiella pneumoniae
MI_KPC_678,Klebsiella pneumoniae
MI_KPC_679,Klebsiella pneumoniae
MI_KPC_67,Escherichia coli
MI_KPC_680,Klebsiella pneumoniae
MI_KPC_681,Klebsiella pneumoniae
MI_KPC_682,Klebsiella pneumoniae
MI_KPC_683,Klebsiella pneumoniae
MI_KPC_684,Enterobacter hormaechei
MI_KPC_685,Klebsiella pneumoniae
MI_KPC_686,Klebsiella pneumoniae
MI_KPC_687,Klebsiella pneumoniae
MI_KPC_688,Klebsiella pneumoniae
MI_KPC_689,Klebsiella pneumoniae
MI_KPC_68,Escherichia coli
MI_KPC_690,Klebsiella pneumoniae
MI_KPC_691,Klebsiella pneumoniae
MI_KPC_692,Raoultella ornithinolytica
MI_KPC_693,Klebsiella pneumoniae
MI_KPC_694,Klebsiella pneumoniae
MI_KPC_695,Enterobacter hormaechei
MI_KPC_696,Enterobacter hormaechei
MI_KPC_697,Klebsiella pneumoniae
MI_KPC_698,Enterobacter hormaechei
MI_KPC_699,Klebsiella pneumoniae
MI_KPC_69,Enterobacter hormaechei
MI_KPC_6,Klebsiella pneumoniae
MI_KPC_700,Klebsiella pneumoniae
MI_KPC_701,Klebsiella pneumoniae
MI_KPC_702,Klebsiella pneumoniae
MI_KPC_703,Serratia nevei
MI_KPC_704,Klebsiella pneumoniae
MI_KPC_705,Klebsiella michiganensis
MI_KPC_706,Klebsiella pneumoniae
MI_KPC_707,Raoultella ornithinolytica
MI_KPC_708,Klebsiella pneumoniae
MI_KPC_709,Klebsiella pneumoniae
MI_KPC_70,Enterobacter hormaechei
MI_KPC_710,Enterobacter hormaechei
MI_KPC_711,Klebsiella pneumoniae
MI_KPC_712,Klebsiella pneumoniae
MI_KPC_713,Klebsiella pneumoniae
MI_KPC_714,Enterobacter hormaechei
MI_KPC_715,Klebsiella pneumoniae
MI_KPC_716,Klebsiella pneumoniae
MI_KPC_717,Enterobacter hormaechei
MI_KPC_718,Enterobacter hormaechei
MI_KPC_719,Klebsiella pneumoniae
MI_KPC_71,Enterobacter hormaechei
MI_KPC_720,Enterobacter hormaechei
MI_KPC_721,Citrobacter freundii
MI_KPC_722,Enterobacter hormaechei
MI_KPC_723,Klebsiella pneumoniae
MI_KPC_724,Enterobacter hormaechei
MI_KPC_725,Enterobacter hormaechei
MI_KPC_726,Enterobacter cloacae
MI_KPC_727,Klebsiella pneumoniae
MI_KPC_728,Klebsiella pneumoniae
MI_KPC_729,Klebsiella pneumoniae
MI_KPC_72,Enterobacter asburiae
MI_KPC_730,Klebsiella pneumoniae
MI_KPC_731,Klebsiella pneumoniae
MI_KPC_732,Klebsiella michiganensis
MI_KPC_733,Enterobacter roggenkampii
MI_KPC_734,Enterobacter hormaechei
MI_KPC_735,Klebsiella pneumoniae
MI_KPC_736,Klebsiella pneumoniae
MI_KPC_737,Klebsiella pneumoniae
MI_KPC_738,Klebsiella pneumoniae
MI_KPC_739,Klebsiella pneumoniae
MI_KPC_73,Enterobacter hormaechei
MI_KPC_740,Citrobacter freundii
MI_KPC_741,Klebsiella pneumoniae
MI_KPC_742,Klebsiella pneumoniae
MI_KPC_743,Enterobacter hormaechei
MI_KPC_744,Enterobacter hormaechei
MI_KPC_745,Escherichia coli
MI_KPC_746,Enterobacter hormaechei
MI_KPC_747,Citrobacter freundii
MI_KPC_748,Klebsiella pneumoniae
MI_KPC_749,Enterobacter hormaechei
MI_KPC_74,Citrobacter freundii
MI_KPC_750,Klebsiella pneumoniae
MI_KPC_751,Klebsiella pneumoniae
MI_KPC_752,Klebsiella pneumoniae
MI_KPC_753,Klebsiella pneumoniae
MI_KPC_754,Citrobacter freundii
MI_KPC_755,Enterobacter hormaechei
MI_KPC_756,Enterobacter hormaechei
MI_KPC_757,Enterobacter hormaechei
MI_KPC_758,Klebsiella pneumoniae
MI_KPC_759,Raoultella ornithinolytica
MI_KPC_75,Serratia marcescens
MI_KPC_760,Klebsiella pneumoniae
MI_KPC_761,Klebsiella pneumoniae
MI_KPC_762,Enterobacter hormaechei
MI_KPC_763,Klebsiella pneumoniae
MI_KPC_764,Klebsiella pneumoniae
MI_KPC_765,Klebsiella pneumoniae
MI_KPC_766,Klebsiella pneumoniae
MI_KPC_767,Klebsiella pneumoniae
MI_KPC_768,Klebsiella pneumoniae
MI_KPC_769,Klebsiella pneumoniae
MI_KPC_76,Enterobacter hormaechei
MI_KPC_770,Escherichia coli
MI_KPC_771,Klebsiella pneumoniae
MI_KPC_772,Klebsiella pneumoniae
MI_KPC_773,Klebsiella pneumoniae
MI_KPC_774,Klebsiella pneumoniae
MI_KPC_775,Enterobacter hormaechei
MI_KPC_776,Klebsiella pneumoniae
MI_KPC_777,Klebsiella pneumoniae
MI_KPC_778,Klebsiella pneumoniae
MI_KPC_779,Klebsiella pneumoniae
MI_KPC_77,Citrobacter freundii
MI_KPC_780,Klebsiella quasipneumoniae
MI_KPC_781,Klebsiella pneumoniae
MI_KPC_782,Klebsiella pneumoniae
MI_KPC_783,Klebsiella pneumoniae
MI_KPC_784,Klebsiella pneumoniae
MI_KPC_785,Klebsiella pneumoniae
MI_KPC_786,Klebsiella pneumoniae
MI_KPC_787,Klebsiella pneumoniae
MI_KPC_788,Escherichia coli
MI_KPC_789,Klebsiella pneumoniae
MI_KPC_78,Enterobacter hormaechei
MI_KPC_790,Klebsiella pneumoniae
MI_KPC_791,Klebsiella pneumoniae
MI_KPC_792,Enterobacter roggenkampii
MI_KPC_793,Enterobacter hormaechei
MI_KPC_794,Klebsiella pneumoniae
MI_KPC_795,Klebsiella pneumoniae
MI_KPC_796,Enterobacter hormaechei
MI_KPC_797,Klebsiella pneumoniae
MI_KPC_798,Serratia marcescens
MI_KPC_799,Klebsiella pneumoniae
MI_KPC_79,Escherichia coli
MI_KPC_7,Klebsiella pneumoniae
MI_KPC_800,Enterobacter hormaechei
MI_KPC_801,Klebsiella pneumoniae
MI_KPC_802,Klebsiella pneumoniae
MI_KPC_803,Enterobacter hormaechei
MI_KPC_804,Klebsiella pneumoniae
MI_KPC_805,Klebsiella pneumoniae
MI_KPC_806,Klebsiella pneumoniae
MI_KPC_807,Enterobacter hormaechei
MI_KPC_808,Klebsiella pneumoniae
MI_KPC_809,Klebsiella pneumoniae
MI_KPC_80,Citrobacter freundii
MI_KPC_810,Klebsiella pneumoniae
MI_KPC_811,Klebsiella pneumoniae
MI_KPC_812,Klebsiella pneumoniae
MI_KPC_813,Klebsiella pneumoniae
MI_KPC_814,Klebsiella pneumoniae
MI_KPC_815,Enterobacter roggenkampii
MI_KPC_816,Klebsiella michiganensis
MI_KPC_817,Klebsiella pneumoniae
MI_KPC_818,Escherichia coli
MI_KPC_819,Klebsiella pneumoniae
MI_KPC_81,Klebsiella grimontii
MI_KPC_820,Klebsiella pneumoniae
MI_KPC_821,Klebsiella pneumoniae
MI_KPC_822,Enterobacter hormaechei
MI_KPC_823,Klebsiella pneumoniae
MI_KPC_824,Klebsiella pneumoniae
MI_KPC_825,Klebsiella pneumoniae
MI_KPC_826,Klebsiella pneumoniae
MI_KPC_827,Klebsiella pneumoniae
MI_KPC_828,Klebsiella pneumoniae
MI_KPC_829,Klebsiella pneumoniae
MI_KPC_82,Klebsiella michiganensis
MI_KPC_830,Enterobacter hormaechei
MI_KPC_831,Klebsiella pneumoniae
MI_KPC_832,Klebsiella pneumoniae
MI_KPC_833,Enterobacter hormaechei
MI_KPC_834,Klebsiella pneumoniae
MI_KPC_835,Klebsiella pneumoniae
MI_KPC_836,Klebsiella pneumoniae
MI_KPC_837,Enterobacter kobei
MI_KPC_838,Klebsiella pneumoniae
MI_KPC_839,Klebsiella pneumoniae
MI_KPC_83,Citrobacter portucalensis
MI_KPC_840,Klebsiella pneumoniae
MI_KPC_841,Klebsiella pneumoniae
MI_KPC_842,Klebsiella quasipneumoniae
MI_KPC_843,Enterobacter hormaechei
MI_KPC_844,Klebsiella pneumoniae
MI_KPC_845,Klebsiella pneumoniae
MI_KPC_846,Enterobacter hormaechei
MI_KPC_847,Klebsiella pneumoniae
MI_KPC_848,Klebsiella pneumoniae
MI_KPC_849,Enterobacter hormaechei
MI_KPC_84,Citrobacter freundii
MI_KPC_850,Enterobacter hormaechei
MI_KPC_851,Klebsiella pneumoniae
MI_KPC_852,Enterobacter hormaechei
MI_KPC_853,Enterobacter hormaechei
MI_KPC_854,Klebsiella pneumoniae
MI_KPC_855,Klebsiella pneumoniae
MI_KPC_856,Klebsiella pneumoniae
MI_KPC_857,Klebsiella pneumoniae
MI_KPC_858,Enterobacter hormaechei
MI_KPC_859,Klebsiella pneumoniae
MI_KPC_85,Enterobacter hormaechei
MI_KPC_860,Serratia nevei
MI_KPC_861,Klebsiella pneumoniae
MI_KPC_862,Enterobacter hormaechei
MI_KPC_863,Enterobacter hormaechei
MI_KPC_864,Klebsiella pneumoniae
MI_KPC_865,Klebsiella pneumoniae
MI_KPC_866,Klebsiella pneumoniae
MI_KPC_867,Klebsiella pneumoniae
MI_KPC_868,Klebsiella pneumoniae
MI_KPC_869,Klebsiella pneumoniae
MI_KPC_86,Enterobacter hormaechei
MI_KPC_870,Klebsiella pneumoniae
MI_KPC_871,Klebsiella pneumoniae
MI_KPC_872,Klebsiella pneumoniae
MI_KPC_873,Escherichia coli
MI_KPC_874,Klebsiella pneumoniae
MI_KPC_875,Enterobacter hormaechei
MI_KPC_876,Klebsiella pneumoniae
MI_KPC_877,Enterobacter hormaechei
MI_KPC_878,Enterobacter hormaechei
MI_KPC_879,Klebsiella pneumoniae
MI_KPC_87,Escherichia coli
MI_KPC_880,Escherichia coli
MI_KPC_881,Enterobacter hormaechei
MI_KPC_882,Klebsiella pneumoniae
MI_KPC_883,Klebsiella pneumoniae
MI_KPC_884,Enterobacter hormaechei
MI_KPC_885,Enterobacter hormaechei
MI_KPC_886,Citrobacter freundii
MI_KPC_887,Klebsiella pneumoniae
MI_KPC_888,Enterobacter hormaechei
MI_KPC_889,Klebsiella pneumoniae
MI_KPC_88,Citrobacter freundii
MI_KPC_890,Klebsiella pneumoniae
MI_KPC_891,Klebsiella pneumoniae
MI_KPC_892,Klebsiella pneumoniae
MI_KPC_893,Klebsiella pneumoniae
MI_KPC_894,Klebsiella pneumoniae
MI_KPC_895,Klebsiella pneumoniae
MI_KPC_896,Escherichia coli
MI_KPC_897,Klebsiella aerogenes
MI_KPC_898,Enterobacter hormaechei
MI_KPC_899,Klebsiella pneumoniae
MI_KPC_89,Serratia marcescens
MI_KPC_8,Enterobacter hormaechei
MI_KPC_900,Klebsiella pneumoniae
MI_KPC_901,Klebsiella pneumoniae
MI_KPC_902,Klebsiella pneumoniae
MI_KPC_903,Klebsiella pneumoniae
MI_KPC_904,Klebsiella aerogenes
MI_KPC_905,Klebsiella pneumoniae
MI_KPC_906,Enterobacter hormaechei
MI_KPC_907,Klebsiella pneumoniae
MI_KPC_908,Citrobacter koseri
MI_KPC_909,Enterobacter kobei
MI_KPC_90,Delftia tsuruhatensis
MI_KPC_910,Klebsiella pneumoniae
MI_KPC_911,Enterobacter hormaechei
MI_KPC_912,Klebsiella pneumoniae
MI_KPC_913,Escherichia coli
MI_KPC_914,Klebsiella pneumoniae
MI_KPC_915,Klebsiella pneumoniae
MI_KPC_916,Klebsiella pneumoniae
MI_KPC_917,Enterobacter hormaechei
MI_KPC_918,Klebsiella pneumoniae
MI_KPC_919,Enterobacter hormaechei
MI_KPC_91,Enterobacter hormaechei
MI_KPC_920,Klebsiella variicola
MI_KPC_921,Klebsiella pneumoniae
MI_KPC_922,Enterobacter hormaechei
MI_KPC_923,Citrobacter farmeri
MI_KPC_924,Klebsiella pneumoniae
MI_KPC_925,Klebsiella pneumoniae
MI_KPC_926,Klebsiella pneumoniae
MI_KPC_927,Raoultella ornithinolytica
MI_KPC_928,Klebsiella pneumoniae
MI_KPC_929,Escherichia coli
MI_KPC_92,Enterobacter hormaechei
MI_KPC_930,Enterobacter hormaechei
MI_KPC_931,Escherichia coli
MI_KPC_932,Klebsiella pneumoniae
MI_KPC_933,Klebsiella pneumoniae
MI_KPC_934,Klebsiella pneumoniae
MI_KPC_935,Klebsiella pneumoniae
MI_KPC_936,Raoultella ornithinolytica
MI_KPC_937,Klebsiella pneumoniae
MI_KPC_938,Klebsiella pneumoniae
MI_KPC_939,Escherichia coli
MI_KPC_93,Enterobacter hormaechei
MI_KPC_940,Klebsiella pneumoniae
MI_KPC_941,Klebsiella pneumoniae
MI_KPC_942,Citrobacter freundii
MI_KPC_943,Klebsiella pneumoniae
MI_KPC_944,Enterobacter kobei
MI_KPC_945,Klebsiella pneumoniae
MI_KPC_946,Klebsiella pneumoniae
MI_KPC_947,Klebsiella pneumoniae
MI_KPC_948,Enterobacter hormaechei
MI_KPC_949,Escherichia coli
MI_KPC_94,Citrobacter freundii
MI_KPC_950,Serratia marcescens
MI_KPC_951,Enterobacter asburiae
MI_KPC_952,Klebsiella pneumoniae
MI_KPC_953,Klebsiella pneumoniae
MI_KPC_954,Citrobacter freundii
MI_KPC_955,Klebsiella pneumoniae
MI_KPC_956,Enterobacter hormaechei
MI_KPC_957,Enterobacter hormaechei
MI_KPC_958,Klebsiella michiganensis
MI_KPC_959,Enterobacter hormaechei
MI_KPC_95,Enterobacter hormaechei
MI_KPC_960,Klebsiella pneumoniae
MI_KPC_961,Enterobacter hormaechei
MI_KPC_962,Klebsiella pneumoniae
MI_KPC_963,Klebsiella pneumoniae
MI_KPC_964,Klebsiella pneumoniae
MI_KPC_965,Klebsiella pneumoniae
MI_KPC_966,Klebsiella pneumoniae
MI_KPC_967,Klebsiella pneumoniae
MI_KPC_968,
MI_KPC_969,Raoultella ornithinolytica
MI_KPC_96,Serratia marcescens
MI_KPC_970,Citrobacter freundii
MI_KPC_971,Klebsiella pneumoniae
MI_KPC_972,Klebsiella pneumoniae
MI_KPC_973,Klebsiella pneumoniae
MI_KPC_974,Citrobacter freundii
MI_KPC_975,Citrobacter freundii
MI_KPC_976,Enterobacter asburiae
MI_KPC_977,Raoultella ornithinolytica
MI_KPC_978,Klebsiella pneumoniae
MI_KPC_979,Klebsiella pneumoniae
MI_KPC_97,Enterobacter hormaechei
MI_KPC_980,Klebsiella michiganensis
MI_KPC_981,Klebsiella pneumoniae
MI_KPC_982,Klebsiella pneumoniae
MI_KPC_983,Enterobacter hormaechei
MI_KPC_984,Enterobacter hormaechei
MI_KPC_985,Serratia ureilytica
MI_KPC_986,Klebsiella michiganensis
MI_KPC_987,Escherichia coli
MI_KPC_988,Klebsiella pneumoniae
MI_KPC_989,Citrobacter freundii
MI_KPC_98,Pseudomonas aeruginosa
MI_KPC_990,Raoultella ornithinolytica
MI_KPC_991,Citrobacter amalonaticus
MI_KPC_992,Klebsiella pneumoniae
MI_KPC_993,Klebsiella pneumoniae
MI_KPC_994,Klebsiella pneumoniae
MI_KPC_995,Klebsiella pneumoniae
MI_KPC_996,Klebsiella pneumoniae
MI_KPC_997,Klebsiella pneumoniae
MI_KPC_998,Klebsiella pneumoniae
MI_KPC_999,Enterobacter kobei
MI_KPC_99,Enterobacter hormaechei
MI_KPC_9,Enterobacter hormaechei
MI_KPC_NEG_CTL_269,Klebsiella michiganensis
MI_KPC_NEG_CTL_272,Enterobacter hormaechei
MI_KPC_NEG_CTL_275,Citrobacter freundii
MI_KPC_NEG_CTL_278,Klebsiella quasipneumoniae
MI_KPC_NEG_CTL_283,Enterobacter hormaechei
MI_KPC_NEG_CTL_284,Klebsiella pneumoniae
MI_KPC_NEG_CTL_287,Klebsiella pneumoniae
MI_KPC_NEG_CTL_294,Klebsiella pneumoniae
MI_KPC_NEG_CTL_297,Klebsiella pneumoniae
MI_KPC_NEG_CTL_300,Klebsiella pneumoniae
